
INSERT INTO ActivityType (ActivityTypeId, ActivityTypeName) Values (1, "Romantic");
INSERT INTO ActivityType (ActivityTypeId, ActivityTypeName) Values (2, "Adventurous");
INSERT INTO ActivityType (ActivityTypeId, ActivityTypeName) Values (3, "Casual");


INSERT INTO RelationshipStatus (StatusId, StatusName) Values (1, "Newly Dating");
INSERT INTO RelationshipStatus (StatusId, StatusName) Values (2, "It's Serious");
INSERT INTO RelationshipStatus (StatusId, StatusName) Values (3, "We're Married");

INSERT INTO Price (PriceId, PriceName) Values (1, "Free");
INSERT INTO Price (PriceId, PriceName) Values (2, "Budget");
INSERT INTO Price (PriceId, PriceName) Values (3, "Expensive");

INSERT INTO TimeOfDay (TimeOfDayId, TimeOfDayName) Values (1, "Day");
INSERT INTO TimeOfDay (TimeOfDayId, TimeOfDayName) Values (2, "Night");
INSERT INTO TimeOfDay (TimeOfDayId, TimeOfDayName) Values (3, "Any");

INSERT INTO TimeOfYear (TimeOfYearId, TimeOfYearName) Values (1, "Spring/Summer");
INSERT INTO TimeOfYear (TimeOfYearId, TimeOfYearName) Values (2, "Autumn/Winter");


INSERT INTO Activity (ActivityId, ActivityName, ActivityTypeId, StatusId,PriceId,TimeOfDayId,TimeOfYearId)
Values (1, "Romantic Dinner", 1,3,3,2,2);

INSERT INTO Activity (ActivityId, ActivityName, ActivityTypeId, StatusId,PriceId,TimeOfDayId,TimeOfYearId)
Values (2, "Happy Hour", 3,1,2,2,1);

INSERT INTO Activity (ActivityId, ActivityName, ActivityTypeId, StatusId,PriceId,TimeOfDayId,TimeOfYearId)
Values (3, "Hiking", 2,2,1,1,1);

INSERT INTO Activity (ActivityId, ActivityName, ActivityTypeId, StatusId,PriceId,TimeOfDayId,TimeOfYearId)
Values (4,"Dinner Theater",3,1,2,2,2);

INSERT INTO Activity (ActivityId, ActivityName, ActivityTypeId, StatusId,PriceId,TimeOfDayId,TimeOfYearId)
Values (5, "River Walk", 1,1,1,3,1);

INSERT INTO Activity (ActivityId, ActivityName, ActivityTypeId, StatusId,PriceId,TimeOfDayId,TimeOfYearId)
Values (6, "Outdoor Picnic",3,1,2,1,1);

INSERT INTO Activity (ActivityId, ActivityName, ActivityTypeId, StatusId,PriceId,TimeOfDayId,TimeOfYearId)
Values (7, "Painting With a Twist",3,2,2,3,2);

INSERT INTO Activity (ActivityId, ActivityName, ActivityTypeId, StatusId,PriceId,TimeOfDayId,TimeOfYearId)
Values (8,"Holiday Lights",1,3,2,2,2);

INSERT INTO Activity (ActivityId, ActivityName, ActivityTypeId, StatusId,PriceId,TimeOfDayId,TimeOfYearId)
Values (9, "Indoor Picnic",3,3,1,2,2);

INSERT INTO Activity (ActivityId, ActivityName, ActivityTypeId, StatusId,PriceId,TimeOfDayId,TimeOfYearId)
Values (10, "Bed and Breakfast",1,2,3,3,1,);

INSERT INTO Activity (ActivityId, ActivityName, ActivityTypeId, StatusId,PriceId,TimeOfDayId,TimeOfYearId)
Values (11, "Indoor Ice Skating", 1,1,2,2,2);

INSERT INTO Activity (ActivityId, ActivityName, ActivityTypeId, StatusId,PriceId,TimeOfDayId,TimeOfYearId)
Values (12, "Day Spa",1,2,3,1,1,);

INSERT INTO Activity (ActivityId, ActivityName, ActivityTypeId, StatusId,PriceId,TimeOfDayId,TimeOfYearId)
Values(13,"ATV Riding",2,1,2,1,1);

INSERT INTO Activity (ActivityId, ActivityName, ActivityTypeId, StatusId,PriceId,TimeOfDayId,TimeOfYearId)
Values (14, "Staycation",3,3,3,3,1);

INSERT INTO Activity (ActivityId, ActivityName, ActivityTypeId, StatusId,PriceId,TimeOfDayId,TimeOfYearId)
Values (15, "Live Music" 3,2,2,3,1);

INSERT INTO Activity (ActivityId, ActivityName, ActivityTypeId, StatusId,PriceId,TimeOfDayId,TimeOfYearId)
Values (16,"Dance Class", 1,3,2,2,2);

INSERT INTO Activity (ActivityId, ActivityName, ActivityTypeId, StatusId,PriceId,TimeOfDayId,TimeOfYearId)
Values (17, "Wine Tasting",1,2,2,1,1);

INSERT INTO Activity (ActivityId, ActivityName, ActivityTypeId, StatusId,PriceId,TimeOfDayId,TimeOfYearId)
Values (18, "Horse-Drawn Carriage Ride", 1,1,3,2,2);

INSERT INTO Activity (ActivityId, ActivityName, ActivityTypeId, StatusId,PriceId,TimeOfDayId,TimeOfYearId)
Values (19, "Game Night", 3,2,1,2,2);

INSERT INTO Activity (ActivityId, ActivityName, ActivityTypeId, StatusId,PriceId,TimeOfDayId,TimeOfYearId)
Values (20, "Coffee", 3,1,2,1,2);

INSERT INTO Activity (ActivityId, ActivityName, ActivityTypeId, StatusId,PriceId,TimeOfDayId,TimeOfYearId)
Values (21, "Cooking Class", 1,2,3,1,1);

INSERT INTO Activity (ActivityId, ActivityName, ActivityTypeId, StatusId,PriceId,TimeOfDayId,TimeOfYearId)
Values (22, "Couples Massage", 1,3,3,1,1);

INSERT INTO Activity (ActivityId, ActivityName, ActivityTypeId, StatusId,PriceId,TimeOfDayId,TimeOfYearId)
Values (23, "Star Gazing", 1,1,1,2,1);

INSERT INTO Activity (ActivityId, ActivityName, ActivityTypeId, StatusId,PriceId,TimeOfDayId,TimeOfYearId)
Values (24, "Arcade Games", 3,1,2,2,2);

INSERT INTO Activity (ActivityId, ActivityName, ActivityTypeId, StatusId,PriceId,TimeOfDayId,TimeOfYearId)
Values (25, "Bike Ride", 2,2,1,1,1);










